Category,Discounted Price,Actual Price,discount_percentage,rating,rating_count
Computers & Accessories,399,1099,0.64,4.2,24269
Computers & Accessories,199,349,0.43,4,43994
Computers & Accessories,199,1899,0.9,3.9,7928
Computers & Accessories,329,699,0.53,4.2,94363
Computers & Accessories,154,399,0.61,4.2,16905
Computers & Accessories,149,1000,0.85,3.9,24871
Computers & Accessories,176.63,499,0.65,4.1,15188
Computers & Accessories,229,299,0.23,4.3,30411
Computers & Accessories,199,299,0.33,4,43994
Computers & Accessories,154,339,0.55,4.3,13391
Computers & Accessories,299,799,0.63,4.2,94363
Computers & Accessories,350,899,0.61,4.2,2262
Computers & Accessories,159,399,0.6,4.1,4768
Computers & Accessories,349,399,0.13,4.4,18757
Electronics,13999,24999,0.44,4.2,32840
Computers & Accessories,249,399,0.38,4,43994
Computers & Accessories,199,499,0.6,4.1,13045
Electronics,13490,21990,0.39,4.3,11976
Computers & Accessories,970,1799,0.46,4.5,815
Electronics,279,499,0.44,3.7,10962
Electronics,13490,22900,0.41,4.3,16299
Computers & Accessories,59,199,0.7,4,9378
Electronics,11499,19990,0.42,4.3,4703
Electronics,199,699,0.72,4.2,12153
Electronics,14999,19999,0.25,4.2,34899
Computers & Accessories,299,399,0.25,4,2766
Computers & Accessories,970,1999,0.51,4.4,184
Computers & Accessories,299,999,0.7,4.3,20850
Computers & Accessories,199,750,0.73,4.5,74976
Computers & Accessories,179,499,0.64,4,1934
Computers & Accessories,389,1099,0.65,4.3,974
Computers & Accessories,599,599,0,4.3,355
Computers & Accessories,199,999,0.8,3.9,1075
Computers & Accessories,99,666.66,0.85,3.9,24871
Computers & Accessories,899,1900,0.53,4.4,13552
Computers & Accessories,199,999,0.8,4,576
Electronics,32999,45999,0.28,4.2,7298
Computers & Accessories,970,1999,0.51,4.2,462
Electronics,19999,34999,0.43,4.3,27151
Computers & Accessories,399,1099,0.64,4.2,24269
Computers & Accessories,999,1599,0.38,4.3,12093
Computers & Accessories,59,199,0.7,4,9378
Computers & Accessories,333,999,0.67,3.3,9792
Computers & Accessories,507,1208,0.58,4.1,8131
Electronics,399,999,0.6,3.6,493
Computers & Accessories,199,395,0.5,4.2,92595
Computers & Accessories,1199,2199,0.45,4.4,24780
Computers & Accessories,179,500,0.64,4.2,92595
Computers & Accessories,799,2100,0.62,4.3,8188
Electronics,6999,12999,0.46,4.2,4003
Computers & Accessories,199,349,0.43,4.1,314
Electronics,230,499,0.54,3.7,2960
Electronics,15999,21999,0.27,4.2,34899
Computers & Accessories,348,1499,0.77,4.2,656
Computers & Accessories,154,349,0.56,4.3,7064
Electronics,179,799,0.78,3.7,2201
Electronics,32990,47900,0.31,4.3,7109
Computers & Accessories,139,999,0.86,4,1313
Computers & Accessories,329,845,0.61,4.2,29746
Electronics,13999,24999,0.44,4.2,45238
Computers & Accessories,263,699,0.62,4.1,450
Electronics,7999,14990,0.47,4.3,457
Electronics,1599,2999,0.47,4.2,2727
Computers & Accessories,219,700,0.69,4.3,20053
Computers & Accessories,349,899,0.61,4.5,149
Computers & Accessories,349,599,0.42,4.1,210
Electronics,26999,42999,0.37,4.2,45238
Computers & Accessories,115,499,0.77,4,7732
Computers & Accessories,399,999,0.6,4.1,1780
Computers & Accessories,199,499,0.6,4.1,602
Computers & Accessories,179,399,0.55,4,1423
Electronics,10901,30990,0.65,4.1,398
Computers & Accessories,209,499,0.58,3.9,536
Electronics,1434,3999,0.64,4,32
Computers & Accessories,399,1099,0.64,4.2,24269
Computers & Accessories,139,249,0.44,4,9378
Electronics,7299,19125,0.62,3.4,902
Computers & Accessories,299,799,0.63,4.4,28791
Computers & Accessories,325,1299,0.75,4.2,10576
Electronics,29999,39999,0.25,4.2,7298
Electronics,27999,40990,0.32,4.3,4703
Electronics,30990,52900,0.41,4.3,7109
Computers & Accessories,199,999,0.8,4.5,127
Computers & Accessories,649,1999,0.68,4.2,24269
Computers & Accessories,269,800,0.66,3.6,10134
Electronics,24999,31999,0.22,4.2,34899
Computers & Accessories,299,699,0.57,4.2,94363
Computers & Accessories,199,999,0.8,4.1,425
Electronics,18990,40990,0.54,4.2,6659
Computers & Accessories,290,349,0.17,3.7,1977
Electronics,249,799,0.69,3.8,1079
Computers & Accessories,345,999,0.65,3.7,1097
Computers & Accessories,1099,1899,0.42,4.5,22420
Computers & Accessories,719,1499,0.52,4.1,1045
Electronics,349,1499,0.77,4.3,4145
Computers & Accessories,849,1809,0.53,4.3,6547
Electronics,299,899,0.67,4,1588
Electronics,21999,29999,0.27,4.2,32840
Computers & Accessories,349,999,0.65,4.2,13120
Computers & Accessories,399,999,0.6,4.3,2806
Computers & Accessories,449,1299,0.65,4.2,24269
Computers & Accessories,299,999,0.7,4.3,766
Electronics,37999,65000,0.42,4.3,3587
Computers & Accessories,99,800,0.88,3.9,24871
Electronics,7390,20000,0.63,4.1,2581
Computers & Accessories,273.1,999,0.73,4.3,20850
Electronics,15990,23990,0.33,4.3,1035
Computers & Accessories,399,999,0.6,4.1,1780
Electronics,399,1999,0.8,4.5,505
Computers & Accessories,210,399,0.47,4.1,1717
Electronics,1299,1999,0.35,3.6,590
Computers & Accessories,347,999,0.65,3.5,1121
Computers & Accessories,149,999,0.85,4,1313
Computers & Accessories,228,899,0.75,3.8,132
Computers & Accessories,1599,1999,0.2,4.4,1951
Electronics,1499,3999,0.63,3.7,37
Electronics,8499,15999,0.47,4.3,592
Electronics,20990,44990,0.53,4.1,1259
Electronics,32999,44999,0.27,4.2,45238
Electronics,799,1700,0.53,4.1,28638
Electronics,229,595,0.62,4.3,12835
Electronics,9999,27990,0.64,4.2,1269
Electronics,349,599,0.42,4.2,284
Electronics,489,1200,0.59,4.4,69538
Electronics,23999,34990,0.31,4.3,4703
Computers & Accessories,399,999,0.6,4.3,2806
Electronics,349,1299,0.73,4,3295
Computers & Accessories,179,299,0.4,3.9,81
Computers & Accessories,689,1500,0.54,4.2,42301
Electronics,30990,49990,0.38,4.3,1376
Computers & Accessories,249,931,0.73,3.9,1075
Electronics,999,2399,0.58,4.6,3664
Electronics,399,399,0,3.9,1951
Computers & Accessories,349,699,0.5,4.3,20850
Computers & Accessories,399,1099,0.64,4.1,2685
Computers & Accessories,1699,2999,0.43,4.4,24780
Electronics,655,1099,0.4,3.2,285
Electronics,9999,12999,0.23,4.2,6088
Electronics,195,499,0.61,3.7,1383
Computers & Accessories,999,2100,0.52,4.5,5492
Computers & Accessories,499,899,0.44,4.2,919
Electronics,416,599,0.31,4.2,30023
Computers & Accessories,368,699,0.47,4.2,387
Electronics,29990,65000,0.54,4.1,211
Computers & Accessories,339,1099,0.69,4.3,974
Electronics,15490,20900,0.26,4.3,16299
Computers & Accessories,499,1299,0.62,4.3,30411
Computers & Accessories,249,399,0.38,3.4,4642
Electronics,399,799,0.5,4.3,12
Computers & Accessories,1499,1999,0.25,4.4,1951
Electronics,9490,15990,0.41,3.9,10480
Electronics,637,1499,0.58,4.1,24
Electronics,399,899,0.56,3.9,254
Electronics,1089,1600,0.32,4,3565
Computers & Accessories,339,999,0.66,4.3,6255
Computers & Accessories,149,499,0.7,4,7732
Computers & Accessories,149,399,0.63,3.9,57
Computers & Accessories,599,849,0.29,4.5,577
Electronics,299,1199,0.75,3.9,1193
Computers & Accessories,399,1299,0.69,4.2,13120
Electronics,339,1999,0.83,4,343
Electronics,12499,22990,0.46,4.3,1611
Computers & Accessories,249,399,0.38,4,6558
Computers & Accessories,1399,2499,0.44,4.4,23169
Electronics,32999,47990,0.31,4.3,4703
Computers & Accessories,149,399,0.63,4,1423
Computers & Accessories,325,999,0.67,4.3,2651
Computers & Accessories,399,1999,0.8,5,5
Computers & Accessories,199,499,0.6,3.7,612
Computers & Accessories,88,299,0.71,4,9378
Computers & Accessories,399,1099,0.64,4.1,2685
Computers & Accessories,57.89,199,0.71,4,9378
Electronics,799,1999,0.6,3.3,576
Electronics,205,499,0.59,3.8,313
Computers & Accessories,299,699,0.57,4.1,2957
Computers & Accessories,849,999,0.15,4.1,6736
Computers & Accessories,949,1999,0.53,4.4,13552
Computers & Accessories,499,1200,0.58,4.3,5451
Computers & Accessories,299,485,0.38,4.3,10911
Computers & Accessories,949,1999,0.53,4.4,13552
Computers & Accessories,379,1099,0.66,4.3,2806
Electronics,8990,18990,0.53,3.9,350
Electronics,486,1999,0.76,4.2,30023
Electronics,5699,11000,0.48,4.2,4003
Electronics,47990,70900,0.32,4.3,7109
Electronics,299,1199,0.75,3.7,490
Computers & Accessories,320,599,0.47,4.1,491
Computers & Accessories,139,549,0.75,3.9,61
Computers & Accessories,129,249,0.48,4,9378
Electronics,24999,35999,0.31,4.2,32840
Computers & Accessories,999,1699,0.41,4.4,7318
Computers & Accessories,225,499,0.55,4.1,789
Electronics,547,2999,0.82,4.3,407
Computers & Accessories,259,699,0.63,3.8,2399
Electronics,239,699,0.66,4.4,2640
Electronics,349,999,0.65,4,839
Electronics,467,599,0.22,4.4,44054
Computers & Accessories,449,599,0.25,4,3231
Electronics,11990,31990,0.63,4.2,64
Computers & Accessories,350,599,0.42,3.9,8314
Computers & Accessories,252,999,0.75,3.7,2249
Electronics,204,599,0.66,3.6,339
Electronics,6490,9990,0.35,4,27
Electronics,235,599,0.61,3.5,197
Computers & Accessories,299,800,0.63,4.5,74977
Computers & Accessories,799,1999,0.6,4.2,8583
Electronics,299,999,0.7,3.8,928
Electronics,6999,16990,0.59,3.8,110
Electronics,42999,59999,0.28,4.1,6753
Electronics,173,999,0.83,4.3,1237
Electronics,209,600,0.65,4.4,18872
Computers & Accessories,848.99,1490,0.43,3.9,356
Computers & Accessories,649,1999,0.68,4.2,24269
Electronics,299,899,0.67,3.8,425
Electronics,399,799,0.5,4.1,1161
Computers & Accessories,249,499,0.5,4.1,1508
Electronics,1249,2299,0.46,4.3,7636
Electronics,213,499,0.57,3.7,246
Electronics,209,499,0.58,4,479
Electronics,598,4999,0.88,4.2,910
Computers & Accessories,799,1749,0.54,4.1,5626
Computers & Accessories,159,595,0.73,4.3,14184
Computers & Accessories,499,1100,0.55,4.4,25177
Electronics,31999,49999,0.36,4.3,21252
Electronics,32990,56790,0.42,4.3,567
Electronics,299,1199,0.75,3.5,466
Computers & Accessories,128.31,549,0.77,3.9,61
Computers & Accessories,599,849,0.29,4.5,474
Electronics,399,899,0.56,3.4,431
Computers & Accessories,449,1099,0.59,4,242
Computers & Accessories,254,799,0.68,4,2905
Electronics,399,795,0.5,4.4,12091
Computers & Accessories,179,399,0.55,4,1423
Computers & Accessories,339,999,0.66,4.3,6255
Electronics,399,999,0.6,4,1236
Electronics,199,399,0.5,4.2,1335
Electronics,349,1999,0.83,3.8,197
Computers & Accessories,299,798,0.63,4.4,28791
Computers & Accessories,89,800,0.89,3.9,1075
Computers & Accessories,549,995,0.45,4.2,29746
Computers & Accessories,129,1000,0.87,3.9,295
Electronics,77990,139900,0.44,4.7,5935
Electronics,349,799,0.56,3.6,323
Electronics,499,899,0.44,3.7,185
Computers & Accessories,299,799,0.63,4.2,2117
Computers & Accessories,182,599,0.7,4,9378
Electronics,96,399,0.76,3.6,1796
Electronics,54990,85000,0.35,4.3,3587
Electronics,439,758,0.42,4.2,4296
Computers & Accessories,299,999,0.7,4.3,2651
Computers & Accessories,299,799,0.63,4.2,94363
Computers & Accessories,789,1999,0.61,4.2,34540
Electronics,299,700,0.57,4.4,8714
Computers & Accessories,325,1099,0.7,4.2,10576
Computers & Accessories,1299,1999,0.35,4.4,7318
Electronics,790,1999,0.6,3,103
Electronics,4699,4699,0,4.5,224
Electronics,18999,24990,0.24,4.3,4702
Computers & Accessories,199,999,0.8,4.2,85
Electronics,269,650,0.59,4.4,35877
Electronics,1990,3100,0.36,4,897
Electronics,2299,3999,0.43,3.8,282
Electronics,35999,49990,0.28,4.3,1611
Electronics,349,999,0.65,4.2,513
Computers & Accessories,719,1499,0.52,4.1,1045
Electronics,8999,18999,0.53,4,6347
Electronics,917,2299,0.6,4.2,3300
Electronics,399,999,0.6,3.3,23
Electronics,45999,69900,0.34,4.3,7109
Computers & Accessories,119,299,0.6,3.8,51
Electronics,21999,29999,0.27,4.2,32840
Electronics,299,599,0.5,3.7,708
Electronics,21990,34990,0.37,4.3,1657
Computers & Accessories,417.44,670,0.38,3.9,523
Electronics,47990,79990,0.4,4.3,1376
Electronics,215,499,0.57,3.5,121
Computers & Accessories,99,800,0.88,3.9,1075
Electronics,18999,35000,0.46,4,1001
Computers & Accessories,249,999,0.75,4.3,112
Electronics,7999,15999,0.5,3.8,3022
Computers & Accessories,649,1600,0.59,4.3,5451
Electronics,1289,2499,0.48,3.3,73
Electronics,609,1500,0.59,4.5,1029
Electronics,32990,54990,0.4,4.1,1555
Electronics,599,1999,0.7,4.2,47
Computers & Accessories,349,899,0.61,4.1,14896
Electronics,29999,50999,0.41,4.4,1712
Electronics,199,399,0.5,4.2,1335
Electronics,349,699,0.5,3.9,214
Electronics,1850,4500,0.59,4,184
Electronics,13990,28900,0.52,4.5,7
Computers & Accessories,129,449,0.71,3.7,41
Electronics,379,999,0.62,4.2,12153
Electronics,185,499,0.63,4.2,25
Computers & Accessories,218,999,0.78,4.2,163
Computers & Accessories,199,999,0.8,4.3,87
Electronics,499,900,0.45,4.4,2165
Electronics,26999,42999,0.37,4.2,1510
Electronics,893,1052,0.15,4.3,106
Electronics,10990,19990,0.45,3.7,129
Computers & Accessories,379,1099,0.66,4.3,3049
Electronics,16999,25999,0.35,4.2,32840
Electronics,699,1899,0.63,4.4,390
Electronics,2699,3500,0.23,3.5,621
Computers & Accessories,129,599,0.78,4.1,265
Computers & Accessories,389,999,0.61,4.3,838
Electronics,246,600,0.59,4.2,143
Computers & Accessories,299,799,0.63,4,151
Electronics,247,399,0.38,3.9,200
Electronics,1369,2999,0.54,3.3,227
Electronics,199,499,0.6,3.8,538
Electronics,299,599,0.5,4,171
Electronics,14999,14999,0,4.3,27508
Computers & Accessories,299,699,0.57,3.9,1454
Electronics,24990,51990,0.52,4.2,2951
Electronics,61999,69999,0.11,4.1,6753
Electronics,24499,50000,0.51,3.9,3518
Electronics,10499,19499,0.46,4.2,1510
Computers & Accessories,349,999,0.65,4.3,838
Electronics,197,499,0.61,3.8,136
Electronics,1299,2499,0.48,4.3,301
Computers & Accessories,1519,1899,0.2,4.4,19763
Electronics,46999,69999,0.33,4.3,21252
Computers & Accessories,299,799,0.63,4.3,1902
Electronics,1799,19999,0.91,4.2,13937
Electronics,1998,9999,0.8,4.3,27696
Electronics,1999,7990,0.75,3.8,17831
Electronics,6499,8999,0.28,4,7807
Electronics,28999,28999,0,4.3,17415
Electronics,28999,28999,0,4.3,17415
Electronics,6499,8999,0.28,4,7807
Electronics,6499,8999,0.28,4,7807
Electronics,569,1000,0.43,4.4,67259
Electronics,1898,4999,0.62,4.1,10689
Electronics,1499,6990,0.79,3.9,21796
Electronics,9499,11999,0.21,4.2,284
Electronics,599,2499,0.76,3.9,58162
Electronics,8999,11999,0.25,4,12796
Electronics,349,1299,0.73,4,14282
Electronics,959,1800,0.47,4.4,67259
Electronics,9499,11999,0.21,4.2,284
Electronics,1499,2499,0.4,4.3,15970
Electronics,349,999,0.65,3.9,46399
Electronics,1219,1699,0.28,4.4,8891
Electronics,1599,3999,0.6,4,30254
Electronics,1499,7999,0.81,4.2,22636
Electronics,18499,25999,0.29,4.1,22318
Electronics,369,700,0.47,4.4,67259
Electronics,12999,17999,0.28,4.1,18998
Electronics,1799,19999,0.91,4.2,13937
Electronics,2199,9999,0.78,4.2,29471
Electronics,16999,24999,0.32,4.1,22318
Electronics,16499,20999,0.21,4,21350
Electronics,1799,19999,0.91,4.2,13937
Computers & Accessories,399,1099,0.64,4.2,24270
Electronics,1799,19999,0.91,4.2,13937
Electronics,8999,11999,0.25,4,12796
Electronics,139,495,0.72,4.3,14185
Electronics,3999,16999,0.76,4.3,17159
Electronics,2998,5999,0.5,4.1,5179
Computers & Accessories,199,349,0.43,4,43993
Electronics,15499,18999,0.18,4.1,19252
Computers & Accessories,199,999,0.8,3.9,7928
Electronics,1799,19999,0.91,4.2,13937
Electronics,8999,11999,0.25,4,12796
Electronics,873,1699,0.49,4.4,1680
Electronics,12999,15999,0.19,4.2,13246
Electronics,539,1599,0.66,3.8,14648
Electronics,1999,9999,0.8,4.3,27696
Electronics,15490,20990,0.26,4.2,32916
Electronics,19999,24999,0.2,3.9,25824
Electronics,1075,1699,0.37,4.4,7462
Electronics,399,699,0.43,4,37817
Electronics,1999,3990,0.5,4,30254
Electronics,1999,7990,0.75,3.8,17831
Computers & Accessories,329,699,0.53,4.2,94364
Computers & Accessories,154,399,0.61,4.2,16905
Electronics,28999,34999,0.17,4.4,20311
Electronics,2299,7990,0.71,4.2,69622
Electronics,399,1999,0.8,4,3382
Electronics,529,1499,0.65,4.1,8599
Electronics,13999,19499,0.28,4.1,18998
Electronics,13999,19999,0.3,4.1,19252
Electronics,3999,9999,0.6,4.4,73
Computers & Accessories,149,1000,0.85,3.9,24870
Electronics,99,499,0.8,4.3,42641
Electronics,4790,15990,0.7,4,4390
Electronics,33999,33999,0,4.3,17415
Computers & Accessories,99,999,0.9,4,1396
Electronics,299,1900,0.84,3.6,18202
Electronics,10999,14999,0.27,4.1,18998
Electronics,34999,38999,0.1,4.2,11029
Electronics,16999,24999,0.32,4.1,22318
Electronics,199,499,0.6,4.1,1786
Electronics,999,1599,0.38,4,7222
Electronics,599,1800,0.67,3.5,83996
Electronics,1799,2499,0.28,4.1,18678
Computers & Accessories,176.63,499,0.65,4.1,15189
Electronics,10999,14999,0.27,4.1,18998
Electronics,2999,7990,0.62,4.1,48449
Electronics,1999,7990,0.75,3.8,17831
Computers & Accessories,229,299,0.23,4.3,30411
Computers & Accessories,199,299,0.33,4,43994
Electronics,649,999,0.35,4.2,1315
Electronics,13999,19499,0.28,4.1,18998
Electronics,119,299,0.6,4.1,5999
Electronics,12999,17999,0.28,4.1,50772
Computers & Accessories,154,339,0.55,4.3,13391
Electronics,20999,26999,0.22,3.9,25824
Electronics,249,649,0.62,4,14404
Electronics,99,171,0.42,4.5,11339
Electronics,489,1999,0.76,4,3626
Electronics,369,1600,0.77,4,32625
Electronics,15499,20999,0.26,4.1,19252
Electronics,15499,18999,0.18,4.1,19252
Electronics,22999,28999,0.21,3.9,25824
Electronics,134,699,0.81,4.1,16685
Electronics,7499,7999,0.06,4,30907
Electronics,13999,19999,0.3,4.1,19252
Computers & Accessories,299,799,0.63,4.2,94364
Electronics,999,1599,0.38,4,7222
Electronics,12999,17999,0.28,4.1,18998
Electronics,15490,20990,0.26,4.2,32916
Electronics,999,2899,0.66,4.6,26603
Electronics,1599,4999,0.68,4,67950
Electronics,20999,29990,0.3,4.3,9499
Electronics,999,1999,0.5,4.3,1777
Electronics,12490,15990,0.22,4.2,58506
Electronics,17999,21990,0.18,4,21350
Computers & Accessories,350,899,0.61,4.2,2263
Electronics,1399,1630,0.14,4,9378
Computers & Accessories,159,399,0.6,4.1,4768
Electronics,1499,6990,0.79,3.9,21796
Electronics,1999,7990,0.75,3.8,17833
Electronics,999,2899,0.66,4.7,7779
Electronics,2099,5999,0.65,4.3,17129
Electronics,337,699,0.52,4.2,4969
Electronics,2999,7990,0.62,4.1,154
Electronics,1299,5999,0.78,3.3,4415
Computers & Accessories,349,399,0.13,4.4,18757
Electronics,16499,20990,0.21,4,21350
Electronics,499,499,0,4.2,31539
Computers & Accessories,970,1799,0.46,4.5,815
Electronics,999,2899,0.66,4.6,6129
Electronics,10499,13499,0.22,4.2,284
Computers & Accessories,249,399,0.38,4,43994
Electronics,251,999,0.75,3.7,3234
Computers & Accessories,199,499,0.6,4.1,13045
Electronics,2999,9999,0.7,4.2,20879
Electronics,279,1499,0.81,4.2,2646
Electronics,269,1499,0.82,4.5,28978
Electronics,8999,13499,0.33,3.8,3145
Computers & Accessories,59,199,0.7,4,9377
Electronics,349,999,0.65,3.8,16557
Electronics,13999,19499,0.28,4.1,18998
Electronics,349,999,0.65,3.8,16557
Electronics,499,599,0.17,4.2,21916
Electronics,2199,9999,0.78,4.2,29472
Electronics,95,499,0.81,4.2,1949
Computers & Accessories,139,249,0.44,4,9377
Electronics,4499,7999,0.44,3.5,37
Electronics,89,599,0.85,4.3,2351
Electronics,15499,20999,0.26,4.1,19253
Electronics,13999,15999,0.13,3.9,2180
Electronics,1999,4999,0.6,3.9,7571
Electronics,1399,5999,0.77,3.3,4415
Electronics,599,999,0.4,4,18654
Electronics,199,1099,0.82,4,3197
Electronics,1799,6990,0.74,4,26880
Electronics,1499,6990,0.79,3.9,21796
Electronics,20999,29990,0.3,4.3,9499
Electronics,12999,13499,0.04,4.1,56098
Electronics,16999,20999,0.19,4.1,31822
Electronics,19999,27990,0.29,4.3,9499
Electronics,12999,18999,0.32,4.1,50772
Electronics,2999,5999,0.5,4.1,7148
Computers & Accessories,299,999,0.7,4.3,20850
Computers & Accessories,970,1999,0.51,4.4,184
Electronics,329,999,0.67,4.2,3492
Electronics,1299,5999,0.78,3.3,4415
Electronics,1989,3500,0.43,4.4,67260
Electronics,1999,9999,0.8,4.3,27704
Electronics,12999,18999,0.32,4.1,50772
Electronics,1499,4999,0.7,4,92588
Electronics,16999,20999,0.19,4.1,31822
Electronics,1999,8499,0.76,4.3,240
Electronics,4999,6999,0.29,3.8,758
Computers & Accessories,99,666.66,0.85,3.9,24870
Electronics,2499,5999,0.58,3.7,828
Electronics,1399,1630,0.14,4,9378
Electronics,1499,9999,0.85,4.2,22638
Computers & Accessories,899,1900,0.53,4.4,13552
Electronics,249,599,0.58,3.9,2147
Electronics,299,1199,0.75,4.5,596
Electronics,79,499,0.84,4.2,1949
Electronics,13999,15999,0.13,3.9,2180
Electronics,949,999,0.05,4.2,31539
Electronics,99,499,0.8,4.1,2451
Electronics,2499,7990,0.69,4.1,154
Electronics,689,1999,0.66,4.3,1193
Electronics,499,1899,0.74,4.1,1475
Electronics,299,999,0.7,4.3,8891
Electronics,209,499,0.58,3.6,104
Electronics,8499,12999,0.35,4.1,6662
Electronics,2179,3999,0.46,4,8380
Electronics,16999,20999,0.19,4.1,31822
Electronics,44999,49999,0.1,4.3,3075
Electronics,2599,2999,0.13,3.9,14266
Electronics,2799,6499,0.57,4.1,38879
Electronics,1399,2990,0.53,4.1,97175
Electronics,649,2400,0.73,4.4,67260
Electronics,799,3990,0.8,3.8,119
Computers & Accessories,149,149,0,4.3,10833
Computers & Accessories,799,2100,0.62,4.3,8188
Electronics,3799,5299,0.28,3.5,1641
Electronics,199,1899,0.9,4,4740
Electronics,23999,32999,0.27,3.9,8866
Electronics,29990,39990,0.25,4.3,8399
Electronics,281,1999,0.86,2.8,87
Electronics,7998,11999,0.33,3.8,125
Electronics,249,999,0.75,4.5,38
Electronics,299,599,0.5,4.3,4674
Electronics,499,1899,0.74,4.1,412
Electronics,899,3499,0.74,3,681
Electronics,1599,3499,0.54,4,36384
Electronics,120,999,0.88,3.9,6491
Electronics,3999,6999,0.43,4.1,10229
Electronics,12999,18999,0.32,4.1,50772
Electronics,1599,2599,0.38,4.3,1801
Electronics,699,1199,0.42,4,14404
Electronics,99,999,0.9,4.4,305
Electronics,7915,9999,0.21,4.3,1376
Electronics,1499,7999,0.81,4.2,22638
Electronics,1055,1249,0.16,3.8,2352
Electronics,150,599,0.75,4.3,714
Computers & Accessories,219,700,0.69,4.3,20052
Electronics,474,1799,0.74,4.3,1454
Computers & Accessories,115,499,0.77,4,7732
Electronics,239,599,0.6,3.9,2147
Electronics,265,999,0.73,3.7,465
Electronics,37990,74999,0.49,4.2,27790
Computers & Accessories,199,499,0.6,4.1,602
Computers & Accessories,179,399,0.55,4,1423
Electronics,1799,3999,0.55,4.6,245
Electronics,8499,11999,0.29,3.9,276
Electronics,1999,3999,0.5,4,30254
Electronics,3999,17999,0.78,4.3,17161
Electronics,219,499,0.56,4.4,14
Electronics,599,1399,0.57,4.1,14560
Electronics,2499,2999,0.17,4.1,3156
Electronics,89,499,0.82,4.1,9340
Electronics,2999,11999,0.75,4.4,768
Electronics,314,1499,0.79,4.5,28978
Electronics,13999,19499,0.28,4.1,18998
Electronics,139,499,0.72,4.2,4971
Electronics,2599,6999,0.63,4.5,1526
Electronics,1998,9999,0.8,4.3,27709
Electronics,1799,7990,0.77,3.8,17833
Computers & Accessories,599,895,0.33,4.4,61314
Computers & Accessories,217,237,0.08,3.8,7354
Computers & Accessories,263,699,0.62,3.5,690
Electronics,569,1000,0.43,4.4,67262
Electronics,1999,4999,0.6,4.1,10689
Computers & Accessories,349,1499,0.77,4.3,24791
Electronics,149,399,0.63,3.5,21764
Electronics,1499,6990,0.79,3.9,21797
Electronics,499,999,0.5,3.9,92995
Computers & Accessories,99,999,0.9,4.1,8751
Electronics,349,1299,0.73,4,14283
Computers & Accessories,475,1500,0.68,4.2,64273
Computers & Accessories,269,649,0.59,4.3,54315
Computers & Accessories,299,599,0.5,4.1,1597
Electronics,1599,3999,0.6,4,30254
Electronics,1499,7999,0.81,4.2,22638
Electronics,329,999,0.67,3.9,77027
Computers & Accessories,549,1799,0.69,4.3,28829
Electronics,2199,9999,0.78,4.2,29478
Computers & Accessories,299,650,0.54,4.5,33176
Musical Instruments,798,1995,0.6,4,68664
Computers & Accessories,399,1099,0.64,4.2,24269
Electronics,266,315,0.16,4.5,28030
Office Products,50,50,0,4.3,5792
Home & Kitchen,130,165,0.21,3.9,14778
Electronics,449,1290,0.65,4.1,91770
Electronics,3999,16999,0.76,4.3,17162
Electronics,399,1290,0.69,4.2,206
Computers & Accessories,1399,2498,0.44,4.2,33717
Computers & Accessories,199,349,0.43,4,43994
Computers & Accessories,199,999,0.8,3.9,7928
Electronics,2998,5999,0.5,4.1,5179
Computers & Accessories,4098,4999,0.18,4.5,50810
Electronics,499,1999,0.75,3.7,3369
Computers & Accessories,299,449,0.33,3.5,11827
Computers & Accessories,329,699,0.53,4.2,94364
Computers & Accessories,699,999,0.3,3.5,15295
Electronics,799,3990,0.8,4.3,27139
Electronics,1399,5499,0.75,3.9,9504
Computers & Accessories,154,399,0.61,4.2,16905
Computers & Accessories,519,1350,0.62,4.3,30058
Electronics,2299,7990,0.71,4.2,69619
Electronics,399,1999,0.8,4,3382
Office Products,1295,1295,0,4.5,5760
Computers & Accessories,1889,5499,0.66,4.2,49551
Electronics,399,995,0.6,3.9,21372
Computers & Accessories,149,1000,0.85,3.9,24870
Computers & Accessories,717,761,0.06,4,7199
Computers & Accessories,99,999,0.9,4,1396
Computers & Accessories,39,299,0.87,3.5,15233
Computers & Accessories,889,2500,0.64,4.3,55747
Electronics,1199,4999,0.76,3.8,14961
Computers & Accessories,569,1299,0.56,4.4,9275
Electronics,1499,8999,0.83,3.7,28324
Electronics,149,180,0.17,4.4,644
Computers & Accessories,399,549,0.27,4.4,18139
Home & Kitchen,191,225,0.15,4.4,7203
Computers & Accessories,129,999,0.87,4.2,491
Computers & Accessories,199,599,0.67,4.5,13568
Electronics,999,4499,0.78,3.8,3390
Electronics,1799,2499,0.28,4.1,18678
Computers & Accessories,176.63,499,0.65,4.1,15189
Office Products,522,550,0.05,4.4,12179
Electronics,799,1999,0.6,3.8,12958
Computers & Accessories,681,1199,0.43,4.2,8258
Computers & Accessories,1199,3490,0.66,4.1,11716
Computers & Accessories,2499,4999,0.5,4.4,35024
Electronics,1799,4999,0.64,4.1,55192
Computers & Accessories,100,499,0.8,3.5,9638
Computers & Accessories,329,399,0.18,3.6,33735
Computers & Accessories,229,299,0.23,4.3,30411
Computers & Accessories,139,299,0.54,3.8,3044
Electronics,1199,2499,0.52,4,33584
Electronics,1049,2299,0.54,3.9,1779
Electronics,119,299,0.6,4.1,5999
Computers & Accessories,154,339,0.55,4.3,13391
Electronics,225,250,0.1,4.4,26556
Computers & Accessories,656,1499,0.56,4.3,25903
Computers & Accessories,1109,2800,0.6,4.3,53464
Electronics,2999,7990,0.62,4.1,48448
Computers & Accessories,169,299,0.43,4.4,5176
Computers & Accessories,309,404,0.24,4.4,8614
Electronics,599,1399,0.57,3.8,60026
Computers & Accessories,299,599,0.5,3.8,3066
Computers & Accessories,449,999,0.55,4,2102
Computers & Accessories,799,1295,0.38,4.4,34852
Office Products,157,160,0.02,4.5,8618
Electronics,369,1600,0.77,4,32625
Computers & Accessories,599,899,0.33,4,4018
Electronics,479,599,0.2,4.3,11687
Computers & Accessories,350,899,0.61,4.2,2262
Electronics,1598,2990,0.47,3.8,11015
Computers & Accessories,599,899,0.33,4.3,95116
Computers & Accessories,159,399,0.6,4.1,4768
Computers & Accessories,1299,3000,0.57,4.3,23022
Electronics,1599,4999,0.68,4,67951
Computers & Accessories,294,4999,0.94,4.3,4426
Computers & Accessories,828,861,0.04,4.2,4567
Electronics,745,795,0.06,4,13797
Electronics,1549,2495,0.38,4.4,15137
Computers & Accessories,349,399,0.13,4.4,18757
Computers & Accessories,970,1799,0.46,4.5,815
Office Products,198,800,0.75,4.1,9344
Electronics,549,549,0,4.5,4875
Electronics,2999,9999,0.7,4.2,20881
Electronics,12000,29999,0.6,4.3,4744
Electronics,1299,3499,0.63,3.9,12452
Electronics,269,315,0.15,4.5,17810
Electronics,799,1499,0.47,4.1,53648
Computers & Accessories,6299,13750,0.54,4.2,2014
Computers & Accessories,59,59,0,3.8,5958
Electronics,571,999,0.43,4.3,38221
Electronics,549,999,0.45,3.9,64705
Electronics,2099,5999,0.65,4.3,17129
Electronics,13490,21990,0.39,4.3,11976
Computers & Accessories,448,699,0.36,3.9,17348
Electronics,1499,2999,0.5,3.7,87798
Electronics,299,499,0.4,4.2,24432
Electronics,2499,3299,0.24,4.2,93112
Electronics,1199,5999,0.8,3.9,47521
Electronics,399,499,0.2,4.3,27201
Electronics,279,499,0.44,3.7,10962
Electronics,13490,22900,0.41,4.3,16299
Computers & Accessories,279,375,0.26,4.3,31534
Electronics,2499,4999,0.5,3.9,7571
Office Products,137,160,0.14,4.4,6537
Computers & Accessories,59,199,0.7,4,9377
Computers & Accessories,299,499,0.4,4.5,21010
Electronics,1799,3999,0.55,3.9,3517
Electronics,1999,2999,0.33,4.3,63899
Electronics,199,699,0.72,4.2,12153
Computers & Accessories,399,1499,0.73,4.1,5730
Computers & Accessories,1699,3999,0.58,4.2,25488
Computers & Accessories,699,995,0.3,4.5,54405
Electronics,95,499,0.81,4.2,1949
Computers & Accessories,1495,1995,0.25,4.3,7241
Computers & Accessories,849,4999,0.83,4,20457
Office Products,440,440,0,4.5,8610
Electronics,349,999,0.65,3.8,16557
Computers & Accessories,599,3999,0.85,3.9,1087
Computers & Accessories,149,399,0.63,4,1540
Computers & Accessories,289,999,0.71,4.1,401
Computers & Accessories,179,499,0.64,3.4,9385
Electronics,1499,4999,0.7,4,92588
Electronics,399,699,0.43,3.4,3454
Computers & Accessories,599,799,0.25,4.3,15790
Computers & Accessories,949,2000,0.53,3.9,14969
Electronics,2499,9999,0.75,4.1,42139
Electronics,159,180,0.12,4.3,989
Electronics,1329,2900,0.54,4.5,19624
Computers & Accessories,570,999,0.43,4.2,3201
Electronics,899,1999,0.55,4.1,30469
Computers & Accessories,449,999,0.55,4.4,9940
Computers & Accessories,549,999,0.45,4.3,7758
Computers & Accessories,1529,2399,0.36,4.3,68409
Office Products,100,100,0,4.3,3095
Computers & Accessories,299,1499,0.8,4.2,903
Computers & Accessories,1295,1795,0.28,4.1,25771
Office Products,252,315,0.2,4.5,3785
Electronics,190,220,0.14,4.4,2866
Computers & Accessories,1299,1599,0.19,4.3,27223
Computers & Accessories,729,1650,0.56,4.3,82356
Office Products,480,600,0.2,4.3,5719
Electronics,1799,6990,0.74,4,26880
Computers & Accessories,999,2499,0.6,4.3,1690
Computers & Accessories,299,399,0.25,4,2766
Computers & Accessories,238,699,0.66,4.4,8372
Computers & Accessories,1349,2198,0.39,4,7113
Computers & Accessories,299,999,0.7,4.3,20850
Computers & Accessories,199,499,0.6,3.3,2804
Electronics,1999,9999,0.8,3.7,1986
Electronics,99,499,0.8,4.1,2451
Computers & Accessories,499,1000,0.5,5,23
Computers & Accessories,1792,3500,0.49,4.5,26194
Computers & Accessories,3299,4100,0.2,3.9,15783
Office Products,125,180,0.31,4.4,8053
Computers & Accessories,399,1190,0.66,4.1,2809
Electronics,1199,7999,0.85,3.6,25910
Computers & Accessories,235,1599,0.85,3.8,1173
Computers & Accessories,549,1999,0.73,3.6,6422
Computers & Accessories,89,99,0.1,4.2,241
Computers & Accessories,970,1999,0.51,4.4,184
Electronics,1299,2999,0.57,3.8,14629
Computers & Accessories,230,999,0.77,4.2,1528
Electronics,119,499,0.76,4.3,15032
Electronics,449,800,0.44,4.4,69585
Electronics,1699,3495,0.51,4.1,14371
Office Products,561,720,0.22,4.4,3182
Computers & Accessories,289,590,0.51,4.4,25886
Computers & Accessories,599,1999,0.7,4.4,4736
Computers & Accessories,5599,7350,0.24,4.4,73005
Computers & Accessories,1990,2595,0.23,4.3,20398
Computers & Accessories,499,799,0.38,4.3,2125
Computers & Accessories,449,999,0.55,4.3,11330
Computers & Accessories,999,1999,0.5,4.2,27441
Computers & Accessories,69,299,0.77,4.3,255
Computers & Accessories,899,1499,0.4,4.2,23174
Musical Instruments,478,699,0.32,3.8,20218
Computers & Accessories,1399,2490,0.44,4.3,11074
Computers & Accessories,199,750,0.73,4.5,74976
Computers & Accessories,149,499,0.7,4.1,25607
Electronics,1799,4990,0.64,4.2,41226
Home Improvement,425,999,0.57,4,2581
Electronics,999,2490,0.6,4.1,18331
Computers & Accessories,378,999,0.62,4.1,1779
Office Products,99,99,0,4.3,388
Computers & Accessories,1499,2999,0.5,4.5,8656
Computers & Accessories,1815,3100,0.41,4.5,92925
Office Products,67,75,0.11,4.1,1269
Computers & Accessories,1889,2699,0.3,4.3,17394
Electronics,499,1499,0.67,3.6,9169
Computers & Accessories,499,999,0.5,4.4,1030
Computers & Accessories,5799,7999,0.28,4.5,50273
Electronics,499,799,0.38,3.9,6742
Computers & Accessories,249,600,0.59,4,1208
Computers & Accessories,179,499,0.64,4,1933
Computers & Accessories,4449,5734,0.22,4.4,25006
Computers & Accessories,299,550,0.46,4.6,33434
Computers & Accessories,629,1390,0.55,4.4,6301
Computers & Accessories,2595,3295,0.21,4.4,22618
Computers & Accessories,389,1099,0.65,4.3,974
Computers & Accessories,1799,2911,0.38,4.3,20342
Office Products,90,175,0.49,4.4,7429
Computers & Accessories,599,599,0,4,26423
Electronics,1999,7999,0.75,4.2,31305
Computers & Accessories,2099,3250,0.35,3.8,11213
Computers & Accessories,179,499,0.64,4.1,10174
Computers & Accessories,1345,2295,0.41,4.2,17413
Electronics,349,995,0.65,4.2,6676
Computers & Accessories,287,499,0.42,4.4,8076
Computers & Accessories,599,599,0,4.3,355
Computers & Accessories,349,450,0.22,4.1,18656
Electronics,879,1109,0.21,4.4,31599
Computers & Accessories,199,999,0.8,3.9,1075
Electronics,250,250,0,3.9,13971
Electronics,199,499,0.6,3.6,2492
Computers & Accessories,899,1900,0.53,4.4,13552
Computers & Accessories,199,999,0.8,4,575
Computers & Accessories,149,999,0.85,3.5,2523
Computers & Accessories,469,1499,0.69,4.1,352
Computers & Accessories,1187,1929,0.38,4.1,1662
Computers & Accessories,849,1499,0.43,4,7352
Computers & Accessories,328,399,0.18,4.1,3441
Computers & Accessories,269,699,0.62,4,93
Electronics,299,400,0.25,3.8,40895
Computers & Accessories,549,1499,0.63,4.3,11006
Office Products,114,120,0.05,4.2,8938
Office Products,120,120,0,4.1,4308
Computers & Accessories,970,1999,0.51,4.2,462
Computers & Accessories,1490,2295,0.35,4.6,10652
Home & Kitchen,99,99,0,4.3,5036
Computers & Accessories,149,249,0.4,4,5057
Computers & Accessories,575,2799,0.79,4.2,8537
Computers & Accessories,333,999,0.67,3.3,9792
Office Products,178,210,0.15,4.3,2450
Electronics,1599,3490,0.54,3.7,676
Electronics,499,1299,0.62,3.9,1173
Computers & Accessories,199,499,0.6,4.3,9998
Electronics,2499,5999,0.58,4.1,5852
Computers & Accessories,199,999,0.8,4.2,362
Electronics,2499,9999,0.75,4,9090
Computers & Accessories,1439,2890,0.5,4.5,4099
Electronics,1099,5999,0.82,3.5,12966
Office Products,157,160,0.02,4.5,4428
Computers & Accessories,999,1599,0.38,4.3,12093
Computers & Accessories,115,999,0.88,3.3,5692
Computers & Accessories,175,499,0.65,4.1,21
Electronics,1999,4700,0.57,3.8,1880
Computers & Accessories,3999,4332.96,0.08,3.5,21762
Computers & Accessories,899,1800,0.5,4.1,22375
Computers & Accessories,299,990,0.7,4.5,2453
Computers & Accessories,3303,4699,0.3,4.4,13544
Computers & Accessories,1890,5490,0.66,4.1,10976
Office Products,90,100,0.1,4.3,3061
Electronics,1599,2790,0.43,3.6,2272
Computers & Accessories,599,999,0.4,4,7601
Computers & Accessories,507,1208,0.58,4.1,8131
Computers & Accessories,425,899,0.53,4.5,4219
Electronics,1499,3999,0.63,4.2,42775
Computers & Accessories,549,2499,0.78,4.3,5556
Computers & Accessories,199,395,0.5,4.2,92595
Computers & Accessories,1295,1645,0.21,4.6,12375
Home & Kitchen,310,310,0,4.5,5882
Computers & Accessories,149,149,0,4.3,10833
Computers & Accessories,1149,1499,0.23,4.1,10443
Computers & Accessories,499,1299,0.62,4.5,434
Electronics,999,4199,0.76,3.5,1913
Computers & Accessories,1709,4000,0.57,4.4,3029
Office Products,250,250,0,4.2,2628
Computers & Accessories,1199,2199,0.45,4.4,24780
Home & Kitchen,90,100,0.1,4.4,10718
Electronics,2025,5999,0.66,4.2,6233
Computers & Accessories,1495,1995,0.25,4.5,10541
Computers & Accessories,799,2100,0.62,4.3,8188
Electronics,899,1199,0.25,3.8,10751
Computers & Accessories,349,999,0.65,3.9,817
Electronics,900,2499,0.64,4,36384
Electronics,2490,3990,0.38,4.1,3606
Electronics,116,200,0.42,4.4,357
Home & Kitchen,200,230,0.13,4.4,10170
Computers & Accessories,1249,2796,0.55,4.4,4598
Computers & Accessories,649,999,0.35,3.5,7222
Computers & Accessories,2649,3499,0.24,4.5,1271
Computers & Accessories,199,349,0.43,4.1,314
Computers & Accessories,596,723,0.18,4.4,3219
Electronics,2499,5999,0.58,4.1,38879
Electronics,4999,12499,0.6,4.2,4541
Electronics,399,1290,0.69,4.2,76042
Electronics,116,200,0.42,4.3,485
Electronics,4499,5999,0.25,4.3,44696
Computers & Accessories,330,499,0.34,3.7,8566
Electronics,649,2499,0.74,3.9,13049
Computers & Accessories,1234,1599,0.23,4.5,16680
Electronics,1399,2990,0.53,4.1,97174
Office Products,272,320,0.15,4,3686
Electronics,99,999,0.9,3.8,594
Computers & Accessories,3498,3875,0.1,3.4,12185
Computers & Accessories,10099,19110,0.47,4.3,2623
Computers & Accessories,449,999,0.55,4.3,9701
Toys & Games,150,150,0,4.3,15867
Computers & Accessories,348,1499,0.77,4.2,656
Computers & Accessories,1199,2999,0.6,4.1,10725
Computers & Accessories,397,899,0.56,4,3025
Computers & Accessories,154,349,0.56,4.3,7064
Computers & Accessories,699,1490,0.53,4,5736
Electronics,1679,1999,0.16,4.1,72563
Computers & Accessories,354,1500,0.76,4,1026
Computers & Accessories,1199,5499,0.78,3.8,2043
Computers & Accessories,379,1499,0.75,4.2,4149
Computers & Accessories,499,775,0.36,4.3,74
Computers & Accessories,10389,32000,0.68,4.4,41398
Computers & Accessories,649,1300,0.5,4.1,5195
Computers & Accessories,1199,1999,0.4,4.5,22420
Computers & Accessories,139,999,0.86,4,1313
Electronics,889,1999,0.56,4.2,2284
Computers & Accessories,1409,2199,0.36,3.9,427
Computers & Accessories,549,1999,0.73,4.3,1367
Computers & Accessories,749,1799,0.58,4,13199
Computers & Accessories,329,845,0.61,4.2,29746
Computers & Accessories,379,1099,0.66,4.3,2806
Electronics,5998,7999,0.25,4.2,30355
Computers & Accessories,299,1499,0.8,4.2,2868
Computers & Accessories,379,1499,0.75,4.1,670
Office Products,1399,2999,0.53,4.3,3530
Electronics,699,1299,0.46,4.3,6183
Office Products,300,300,0,4.2,419
Computers & Accessories,999,1995,0.5,4.5,7317
Office Products,535,535,0,4.4,4426
Electronics,13999,24999,0.44,4.2,45237
Computers & Accessories,269,1099,0.76,4.1,1092
Office Products,341,450,0.24,4.3,2493
Computers & Accessories,2499,3999,0.38,4.4,12679
Computers & Accessories,349,599,0.42,4.1,210
Computers & Accessories,5899,7005,0.16,3.6,4199
Electronics,699,1199,0.42,4,14403
Computers & Accessories,1565,2999,0.48,4,11113
Electronics,326,799,0.59,4.4,10773
Electronics,120,999,0.88,3.9,6491
Computers & Accessories,657,999,0.34,4.3,13944
Computers & Accessories,1995,2895,0.31,4.6,10760
Electronics,1500,1500,0,4.4,25996
Computers & Accessories,2640,3195,0.17,4.5,16146
Computers & Accessories,5299,6355,0.17,3.9,8280
Computers & Accessories,263,699,0.62,4.1,450
Computers & Accessories,1990,2999,0.34,4.3,14237
Electronics,1289,1499,0.14,4.5,20668
Office Products,165,165,0,4.5,1674
Computers & Accessories,1699,3499,0.51,3.6,7689
Electronics,2299,7500,0.69,4.1,5554
Computers & Accessories,219,700,0.69,4.3,20053
Computers & Accessories,39,39,0,3.8,3344
Computers & Accessories,26999,37999,0.29,4.6,2886
Electronics,1490,1990,0.25,4.1,98250
Computers & Accessories,398,1949,0.8,4,75
Computers & Accessories,349,899,0.61,4.5,149
Computers & Accessories,770,1547,0.5,4.3,2585
Electronics,279,1299,0.79,4,5072
Home Improvement,249,599,0.58,4.5,5985
Computers & Accessories,115,499,0.77,4,7732
Home & Kitchen,230,230,0,4.5,9427
Computers & Accessories,399,999,0.6,4.1,1780
Computers & Accessories,599,700,0.14,4.3,2301
Computers & Accessories,598,1150,0.48,4.1,2535
Computers & Accessories,399,1499,0.73,4,691
Computers & Accessories,499,1299,0.62,4.1,2740
Computers & Accessories,199,499,0.6,4.1,602
Computers & Accessories,579,1090,0.47,4.4,3482
Computers & Accessories,179,399,0.55,4,1423
Office Products,90,100,0.1,4.1,6199
Computers & Accessories,899,1999,0.55,4.4,1667
Computers & Accessories,1149,1800,0.36,4.3,4723
Computers & Accessories,249,499,0.5,4.2,22860
Computers & Accessories,39,39,0,3.6,13572
Computers & Accessories,1599,3599,0.56,4.2,16182
Electronics,1199,3990,0.7,4.2,2908
Computers & Accessories,209,499,0.58,3.9,536
Computers & Accessories,1099,1499,0.27,4.2,2375
Office Products,120,120,0,4.5,4951
Computers & Accessories,1519,3499,0.57,4.3,408
Office Products,420,420,0,4.2,1926
Office Products,225,225,0,4.1,4798
Computers & Accessories,199,799,0.75,4.1,7333
Electronics,1799,3999,0.55,4.6,245
Computers & Accessories,8349,9625,0.13,3.8,3652
Computers & Accessories,3307,6100,0.46,4.3,2515
Computers & Accessories,325,1299,0.75,4.2,10576
Computers & Accessories,449,1300,0.65,4.2,4959
Electronics,380,400,0.05,4.4,2111
Computers & Accessories,499,1399,0.64,3.9,1462
Computers & Accessories,37247,59890,0.38,4,323
Electronics,849,2490,0.66,4.2,91188
Electronics,799,1999,0.6,3.7,418
Electronics,2599,6999,0.63,4.5,1526
Computers & Accessories,199,999,0.8,4.5,127
Computers & Accessories,269,800,0.66,3.6,10134
Computers & Accessories,298,999,0.7,4.3,1552
Electronics,1499,2999,0.5,4.1,25262
Home & Kitchen,1199,1695,0.29,3.6,13300
Home & Kitchen,1199,2000,0.4,4,18543
Home & Kitchen,455,999,0.54,4.1,3578
Home & Kitchen,199,1999,0.9,3.7,2031
Home & Kitchen,293,499,0.41,3.9,44994
Home & Kitchen,749,1245,0.4,3.9,31783
Home & Kitchen,1399,1549,0.1,3.9,2602
Home & Kitchen,749,1445,0.48,3.9,63350
Home & Kitchen,1699,3193,0.47,3.8,54032
Home & Kitchen,1043,1345,0.22,3.8,15592
Home & Kitchen,499,999,0.5,4.1,4859
Home & Kitchen,1464,1650,0.11,4.1,14120
Home & Kitchen,249,499,0.5,3.3,8427
Home & Kitchen,625,1400,0.55,4.2,23316
Home & Kitchen,1290,2500,0.48,4,6530
Home & Kitchen,3600,6190,0.42,4.3,11924
Home & Kitchen,6549,13999,0.53,4,2961
Home & Kitchen,1625,2995,0.46,4.5,23484
Home & Kitchen,2599,5890,0.56,4.1,21783
Home & Kitchen,1199,2000,0.4,4,14030
Home & Kitchen,5499,13150,0.58,4.2,6398
Home & Kitchen,1299,3500,0.63,3.8,44050
Home & Kitchen,599,785,0.24,4.2,24247
Home & Kitchen,1999,3210,0.38,4.2,41349
Home & Kitchen,549,1000,0.45,3.6,1074
Home & Kitchen,999,2000,0.5,3.8,1163
Home & Kitchen,398,1999,0.8,4.1,257
Home & Kitchen,539,720,0.25,4.1,36017
Home & Kitchen,699,1595,0.56,4.1,8090
Home & Kitchen,2148,3645,0.41,4.1,31388
Home & Kitchen,3599,7950,0.55,4.2,136
Home & Kitchen,351,999,0.65,4,5380
Home & Kitchen,1614,1745,0.08,4.3,37974
Home & Kitchen,719,1295,0.44,4.2,17218
Home & Kitchen,678,1499,0.55,4.2,900
Home & Kitchen,809,1545,0.48,3.7,976
Home & Kitchen,1969,5000,0.61,4.1,4927
Home & Kitchen,1490,1695,0.12,4.4,3543
Home & Kitchen,2499,3945,0.37,3.8,2732
Home & Kitchen,1665,2099,0.21,4,14368
Home & Kitchen,3229,5295,0.39,4.2,39724
Home & Kitchen,1799,3595,0.5,3.8,9791
Home & Kitchen,1260,1699,0.26,4.2,2891
Home & Kitchen,749,1129,0.34,4,2446
Home & Kitchen,3499,5795,0.4,3.9,25340
Home & Kitchen,379,999,0.62,4.3,3096
Home & Kitchen,1099,2400,0.54,3.8,4
Home & Kitchen,749,1299,0.42,4,119
Home & Kitchen,1299,1299,0,4.2,40106
Home & Kitchen,549,1090,0.5,4.2,13029
Home & Kitchen,899,2000,0.55,3.6,291
Home & Kitchen,1321,1545,0.14,4.3,15453
Home & Kitchen,1099,1999,0.45,4,604
Home & Kitchen,775,875,0.11,4.2,46647
Home & Kitchen,6299,15270,0.59,4.1,3233
Home & Kitchen,3190,4195,0.24,4,1282
Home & Kitchen,799,1989,0.6,4.3,70
Home & Kitchen,2699,5000,0.46,4,26164
Home & Kitchen,599,990,0.39,3.9,16166
Home & Kitchen,749,1111,0.33,4.2,35693
Home & Kitchen,6199,10400,0.4,4.1,14391
Home & Kitchen,1819,2490,0.27,4.4,7946
Home & Kitchen,1199,1900,0.37,4,1765
Home & Kitchen,3249,6295,0.48,3.8,14062
Home & Kitchen,349,999,0.65,4,15646
Home & Kitchen,1049,1699,0.38,3.1,111
Home & Kitchen,799,1500,0.47,4.3,9695
Home & Kitchen,4999,9650,0.48,4.2,1772
Home & Kitchen,6999,10590,0.34,4.4,11499
Home & Kitchen,799,1999,0.6,4.1,2162
Home & Kitchen,89,89,0,4.2,19621
Home & Kitchen,1400,2485,0.44,4.1,19998
Home & Kitchen,355,899,0.61,4.1,1051
Home & Kitchen,2169,3279,0.34,4.1,1716
Home & Kitchen,2799,3799,0.26,3.9,32931
Home & Kitchen,899,1249,0.28,3.9,17424
Home & Kitchen,2499,5000,0.5,3.8,1889
Home & Kitchen,3599,7299,0.51,4,10324
Home & Kitchen,499,625,0.2,4.2,5355
Home & Kitchen,653,1020,0.36,4.1,3366
Home & Kitchen,4789,8990,0.47,4.3,1017
Home & Kitchen,1409,1639,0.14,3.7,787
Home & Kitchen,753,899,0.16,4.2,18462
Home & Kitchen,353,1199,0.71,4.3,629
Home & Kitchen,1099,1899,0.42,4.3,15276
Home & Kitchen,8799,11595,0.24,4.4,2981
Home & Kitchen,1345,1750,0.23,3.8,2466
Home & Kitchen,2095,2095,0,4.5,7949
Home & Kitchen,1498,2300,0.35,3.8,95
Home & Kitchen,2199,2990,0.26,3.8,1558
Home & Kitchen,3699,4295,0.14,4.1,26543
Home & Kitchen,177,199,0.11,4.1,3688
Home & Kitchen,1149,2499,0.54,3.8,4383
Home & Kitchen,244,499,0.51,3.3,478
Home & Kitchen,1959,2400,0.18,4,237
Home & Kitchen,319,749,0.57,4.6,124
Home & Kitchen,1499,1775,0.16,3.9,14667
Home & Kitchen,469,1599,0.71,3.7,6
Home & Kitchen,1099,1795,0.39,4.2,4244
Home & Kitchen,9590,15999,0.4,4.1,1017
Home & Kitchen,999,1490,0.33,4.1,12999
Home & Kitchen,1299,1999,0.35,3.8,311
Home & Kitchen,292,499,0.41,4.1,4238
Home & Kitchen,160,299,0.46,4.6,2781
Home & Kitchen,600,600,0,4.1,10907
Home & Kitchen,1130,1130,0,4.2,13250
Home & Kitchen,3249,6295,0.48,3.9,43070
Home & Kitchen,3599,9455,0.62,4.1,11828
Home & Kitchen,368,699,0.47,4.1,1240
Home & Kitchen,3199,4999,0.36,4,20869
Home & Kitchen,1599,2900,0.45,3.7,441
Home & Kitchen,1999,2499,0.2,4.1,1034
Home & Kitchen,616,1190,0.48,4.1,37126
Home & Kitchen,1499,2100,0.29,4.1,6355
Home & Kitchen,199,499,0.6,3.3,12
Home & Kitchen,610,825,0.26,4.1,13165
Home & Kitchen,999,1499,0.33,4.1,1646
Home & Kitchen,8999,9995,0.1,4.4,17994
Home & Kitchen,453,999,0.55,4.3,610
Home & Kitchen,2464,6000,0.59,4.1,8866
Home & Kitchen,2719,3945,0.31,3.7,13406
Home & Kitchen,1439,1999,0.28,4.8,53803
Home & Kitchen,2799,3499,0.2,4.5,546
Home & Kitchen,2088,5550,0.62,4,5292
Home & Kitchen,2399,4590,0.48,4.1,444
Home & Kitchen,308,499,0.38,3.9,4584
Home & Kitchen,2599,4400,0.41,4.1,14947
Home & Kitchen,479,1000,0.52,4.2,1559
Home & Kitchen,245,299,0.18,4.1,1660
Home & Kitchen,179,799,0.78,3.5,132
Home & Kitchen,3569,5190,0.31,4.3,28629
Home & Kitchen,699,1345,0.48,3.9,8446
Home & Kitchen,2089,4000,0.48,4.2,11199
Car & Motorbike,2339,4000,0.42,3.8,1118
Home & Kitchen,784,1599,0.51,4.5,11
Home & Kitchen,5499,9999,0.45,3.8,4353
Home & Kitchen,899,1990,0.55,4.1,185
Home & Kitchen,1695,1695,0,4.2,14290
Home & Kitchen,499,940,0.47,4.1,3036
Home & Kitchen,2699,4700,0.43,4.2,1296
Home & Kitchen,1448,2999,0.52,4.5,19
Home & Kitchen,79,79,0,4,97
Home & Kitchen,6990,14290,0.51,4.4,1771
Home & Kitchen,2698,3945,0.32,4,15034
Home & Kitchen,3199,5999,0.47,4,3242
Home & Kitchen,1199,1950,0.39,3.9,2832
Home & Kitchen,1414,2799,0.49,4,1498
Home & Kitchen,999,1950,0.49,3.8,305
Home & Kitchen,5999,9999,0.4,4.2,1191
Home & Kitchen,9970,12999,0.23,4.3,4049
Home & Kitchen,698,699,0,4.2,3160
Home & Kitchen,2199,3190,0.31,4.3,9650
Home & Kitchen,320,799,0.6,4.2,3846
Home & Kitchen,298,499,0.4,4.4,290
Home & Kitchen,1199,1499,0.2,3.8,2206
Home & Kitchen,1399,2660,0.47,4.1,9349
Home & Kitchen,599,2799,0.79,3.9,578
Home & Kitchen,1499,1499,0,4.3,9331
Home & Kitchen,14400,59900,0.76,4.4,3837
Home & Kitchen,1699,1900,0.11,3.6,11456
Home & Kitchen,649,999,0.35,3.8,49
Home & Kitchen,3249,6375,0.49,4,4978
Home & Kitchen,199,499,0.6,4.1,1996
Home & Kitchen,1099,1899,0.42,4.3,1811
Home & Kitchen,664,1490,0.55,4,2198
Home & Kitchen,260,350,0.26,3.9,13127
Home & Kitchen,6499,8500,0.24,4.4,5865
Home & Kitchen,1484,2499,0.41,3.7,1067
Home & Kitchen,999,1560,0.36,3.6,4881
Home & Kitchen,3299,6500,0.49,3.7,11217
Home & Kitchen,259,999,0.74,4,43
Home & Kitchen,3249,7795,0.58,4.2,4664
Home & Kitchen,4280,5995,0.29,3.8,2112
Home & Kitchen,189,299,0.37,4.2,2737
Home & Kitchen,1449,2349,0.38,3.9,9019
Home & Kitchen,199,499,0.6,4,10234
Home & Kitchen,474,1299,0.64,4.1,550
Home & Kitchen,279,499,0.44,4.8,28
Home & Kitchen,1999,4775,0.58,4.2,1353
Home & Kitchen,799,1230,0.35,4.1,2138
Home & Kitchen,949,1999,0.53,4,1679
Home & Kitchen,3657.66,5156,0.29,3.9,12837
Home & Kitchen,1699,1999,0.15,4.1,8873
Home & Kitchen,1849,2095,0.12,4.3,7681
Home & Kitchen,12499,19825,0.37,4.1,322
Home & Kitchen,1099,1920,0.43,4.2,9772
Home & Kitchen,8199,16000,0.49,3.9,18497
Home & Kitchen,499,2199,0.77,3.7,53
Home & Kitchen,6999,14999,0.53,4.1,1728
Home & Kitchen,1595,1799,0.11,4,2877
Home & Kitchen,1049,1950,0.46,3.8,250
Home & Kitchen,1182,2995,0.61,4.2,5178
Home & Kitchen,499,999,0.5,4.6,79
Home & Kitchen,8799,11995,0.27,4.1,4157
Home & Kitchen,1529,2999,0.49,3.3,29
Home & Kitchen,1199,1690,0.29,4.2,4580
Home & Kitchen,1052,1790,0.41,4.3,1404
Home & Kitchen,6499,8995,0.28,4.3,2810
Home & Kitchen,239,239,0,4.3,7
Home & Kitchen,699,1599,0.56,4.7,1729
Home & Kitchen,2599,4290,0.39,4.4,2116
Home & Kitchen,1547,2890,0.46,3.9,463
Home & Kitchen,499,1299,0.62,4.7,54
Home & Kitchen,510,640,0.2,4.1,7229
Home & Kitchen,1899,3790,0.5,3.8,3842
Home & Kitchen,2599,4560,0.43,4.4,646
Home & Kitchen,1199,3500,0.66,4.3,1802
Home & Kitchen,999,2600,0.62,3.4,252
Home & Kitchen,1999,3300,0.39,4.2,780
Home & Kitchen,210,699,0.7,3.7,74
Home & Kitchen,14499,23559,0.38,4.3,2026
Home & Kitchen,950,1599,0.41,4.3,5911
Home & Kitchen,7199,9995,0.28,4.4,1964
Home & Kitchen,2439,2545,0.04,4.1,25
Home & Kitchen,7799,8995,0.13,4,3160
Home & Kitchen,1599,1999,0.2,4.4,1558
Home & Kitchen,2899,5500,0.47,3.8,8958
Home & Kitchen,9799,12150,0.19,4.3,13251
Home & Kitchen,3299,4995,0.34,3.8,1393
Home & Kitchen,669,1499,0.55,2.3,13
Home & Kitchen,5890,7506,0.22,4.5,7241
Home & Kitchen,9199,18000,0.49,4,16020
Home & Kitchen,351,1099,0.68,3.7,1470
Health & PersonalCare,899,1900,0.53,4,3663
Home & Kitchen,1349,1850,0.27,4.4,638
Home & Kitchen,6236,9999,0.38,4.1,3552
Home & Kitchen,2742,3995,0.31,4.4,11148
Home & Kitchen,721,1499,0.52,3.1,2449
Home & Kitchen,2903,3295,0.12,4.3,2299
Home & Kitchen,1656,2695,0.39,4.4,6027
Home & Kitchen,1399,2290,0.39,4.4,461
Home & Kitchen,2079,3099,0.33,4.1,282
Home & Kitchen,999,1075,0.07,4.1,9275
Home & Kitchen,3179,6999,0.55,4,743
Home & Kitchen,1049,2499,0.58,3.6,328
Home & Kitchen,3599,7290,0.51,3.9,942
Home & Kitchen,4799,5795,0.17,3.9,3815
Home & Kitchen,1699,3398,0.5,3.8,7988
Home & Kitchen,664,1490,0.55,4.1,925
Home & Kitchen,948,1620,0.41,4.1,4370
Home & Kitchen,850,1000,0.15,4.1,7619
Home & Kitchen,600,640,0.06,3.8,2593
Home & Kitchen,3711,4495,0.17,4.3,356
Home & Kitchen,799,2999,0.73,4.5,63
Home & Kitchen,980,980,0,4.2,4740
Home & Kitchen,351,899,0.61,3.9,296
Home & Kitchen,229,499,0.54,3.5,185
Home & Kitchen,3349,3995,0.16,4.3,1954
Home & Kitchen,5499,11500,0.52,3.9,959
Home & Kitchen,299,499,0.4,3.9,1015
Home & Kitchen,2249,3550,0.37,4,3973
Home & Kitchen,699,1599,0.56,4.7,2300
Home & Kitchen,1235,1499,0.18,4.1,203
Home & Kitchen,1349,2999,0.55,3.8,441
Home & Kitchen,6800,11500,0.41,4.1,10308
Home & Kitchen,1699,1975,0.14,4.1,4716
Home & Kitchen,1069,1699,0.37,3.9,313
Home & Kitchen,1349,2495,0.46,3.8,166
Home & Kitchen,1499,3500,0.57,4.1,303
Home & Kitchen,2092,4600,0.55,4.3,562
Home & Kitchen,3859,10295,0.63,3.9,8095
Home & Kitchen,499,2199,0.77,2.8,109
Home & Kitchen,1804,2380,0.24,4,15382
Home & Kitchen,6525,8820,0.26,4.5,5137
Home & Kitchen,4999,24999,0.8,4.6,124
Home & Kitchen,1189,2400,0.5,4.1,618
Home & Kitchen,2590,4200,0.38,4.1,63
Home & Kitchen,899,1599,0.44,3.4,15
Home & Kitchen,998,2999,0.67,4.6,9
Home & Kitchen,998.06,1282,0.22,4.2,7274
Home & Kitchen,1099,1990,0.45,3.9,5911
Home & Kitchen,5999,9999,0.4,4.2,170
Home & Kitchen,8886,11850,0.25,4.2,3065
Home & Kitchen,475,999,0.52,4.1,1021
Home & Kitchen,4995,20049,0.75,4.8,3964
Home & Kitchen,13999,24850,0.44,4.4,8948
Home & Kitchen,8499,16490,0.48,4.3,97
Home & Kitchen,949,975,0.03,4.3,7223
Home & Kitchen,395,499,0.21,4,330
Home & Kitchen,635,635,0,4.3,4570
Home & Kitchen,717,1390,0.48,4,4867
Home & Kitchen,27900,59900,0.53,4.4,5298
Home & Kitchen,649,670,0.03,4.1,7786
Home & Kitchen,193,399,0.52,3.6,37
Home & Kitchen,1299,2495,0.48,2,2
Home & Kitchen,2449,3390,0.28,4,5206
Home & Kitchen,1049,2499,0.58,3.7,638
Home & Kitchen,2399,4200,0.43,3.8,397
Home & Kitchen,2286,4495,0.49,3.9,326
Home & Kitchen,499,2199,0.77,3.1,3527
Home & Kitchen,429,999,0.57,3,617
Home & Kitchen,299,595,0.5,4,314
Home & Kitchen,5395,19990,0.73,4.4,535
Home & Kitchen,559,1010,0.45,4.1,17325
Home & Kitchen,660,1100,0.4,3.6,91
Home & Kitchen,419,999,0.58,4.4,227
Home & Kitchen,7349,10900,0.33,4.2,11957
Home & Kitchen,2899,4005,0.28,4.3,7140
Home & Kitchen,1799,3295,0.45,3.8,687
Home & Kitchen,1474,4650,0.68,4.1,1045
Home & Kitchen,15999,24500,0.35,4,11206
Home & Kitchen,3645,6070,0.4,4.2,561
Home & Kitchen,375,999,0.62,3.6,1988
Home & Kitchen,2976,3945,0.25,4.2,3740
Home & Kitchen,1099,1499,0.27,4.1,4401
Home & Kitchen,2575,6700,0.62,4.2,611
Home & Kitchen,1649,2800,0.41,3.9,2162
Home & Kitchen,799,1699,0.53,4,97
Home & Kitchen,765,970,0.21,4.2,6055
Home & Kitchen,999,1500,0.33,4.2,386
Home & Kitchen,587,1295,0.55,4.1,557
Home & Kitchen,12609,23999,0.47,4.4,2288
Home & Kitchen,699,850,0.18,4.1,1106
Home & Kitchen,3799,6000,0.37,4.2,11935
Home & Kitchen,640,1020,0.37,4.1,5059
Home & Kitchen,979,1999,0.51,3.9,157
Home & Kitchen,5365,7445,0.28,3.9,3584
Home & Kitchen,3199,3500,0.09,4.2,1899
Home & Kitchen,979,1395,0.3,4.2,15252
Home & Kitchen,929,2199,0.58,3.7,4
Home & Kitchen,3710,4330,0.14,3.7,1662
Home & Kitchen,2033,4295,0.53,3.4,422
Home & Kitchen,9495,18990,0.5,4.2,79
Home & Kitchen,7799,12500,0.38,4,5160
Home & Kitchen,949,2385,0.6,4.1,2311
Home & Kitchen,2790,4890,0.43,3.9,588
Home & Kitchen,645,1100,0.41,4,3271
Home & Kitchen,2237.81,3899,0.43,3.9,11004
Home & Kitchen,8699,16899,0.49,4.2,3195
Home & Kitchen,42990,75990,0.43,4.3,3231
Home & Kitchen,825,825,0,4,3246
Home & Kitchen,161,300,0.46,2.6,24
Home & Kitchen,697,1499,0.54,3.8,144
Home & Kitchen,688,747,0.08,4.5,2280
Home & Kitchen,2199,3999,0.45,3.5,340
Home & Kitchen,6850,11990,0.43,3.9,144
Home & Kitchen,2699,3799,0.29,4,727
Home & Kitchen,899,1999,0.55,4,832
Home & Kitchen,1090,2999,0.64,3.5,57
Home & Kitchen,295,599,0.51,4,1644
Home & Kitchen,479,1999,0.76,3.4,1066
Home & Kitchen,2949,4849,0.39,4.2,7968
Home & Kitchen,335,510,0.34,3.8,3195
Home & Kitchen,293,499,0.41,4.1,1456
Home & Kitchen,599,1299,0.54,4.2,590
Home & Kitchen,499,999,0.5,4.3,1436
Home & Kitchen,849,1190,0.29,4.2,4184
Home & Kitchen,249,400,0.38,4.1,693
Home & Kitchen,185,599,0.69,3.9,1306
Home & Kitchen,778,999,0.22,3.3,8
Home & Kitchen,279,699,0.6,4.3,2326
Home & Kitchen,215,1499,0.86,3.9,1004
Home & Kitchen,889,1295,0.31,4.3,6400
Home & Kitchen,1449,4999,0.71,3.6,63
Home & Kitchen,1190,2550,0.53,3.8,1181
Home & Kitchen,1799,1950,0.08,3.9,1888
Home & Kitchen,6120,8478,0.28,4.6,6550
Home & Kitchen,1799,3299,0.45,3.8,1846
Home & Kitchen,2199,3895,0.44,3.9,1085
Home & Kitchen,3685,5495,0.33,4.1,290
Home & Kitchen,649,999,0.35,3.6,4
Home & Kitchen,8599,8995,0.04,4.4,9734
Home & Kitchen,1110,1599,0.31,4.3,4022
Home & Kitchen,1499,3500,0.57,4.7,2591
Home & Kitchen,759,1999,0.62,4.3,532
Home & Kitchen,2669,3199,0.17,3.9,260
Home & Kitchen,929,1300,0.29,3.9,1672
Home & Kitchen,199,399,0.5,3.7,7945
Home & Kitchen,279,599,0.53,3.5,1367
Home & Kitchen,549,999,0.45,4,1313
Home & Kitchen,85,199,0.57,4.1,212
Home & Kitchen,499,1299,0.62,3.9,65
Home & Kitchen,5865,7776,0.25,4.4,2737
Home & Kitchen,1260,2299,0.45,4.3,55
Home & Kitchen,1099,1500,0.27,4.5,1065
Home & Kitchen,1928,2590,0.26,4,2377
Home & Kitchen,3249,6299,0.48,3.9,2569
Home & Kitchen,1199,1795,0.33,4.2,5967
Home & Kitchen,1456,3190,0.54,4.1,1776
Home & Kitchen,3349,4799,0.3,3.7,4200
Home & Kitchen,4899,8999,0.46,4.1,297
Home & Kitchen,1199,1899,0.37,4.2,3858
Home & Kitchen,3290,5799,0.43,4.3,168
Home & Kitchen,179,799,0.78,3.6,101
Home & Kitchen,149,300,0.5,4.1,4074
Home & Kitchen,5490,7200,0.24,4.5,1408
Home & Kitchen,379,389,0.03,4.2,3739
Home & Kitchen,8699,13049,0.33,4.3,5891
Home & Kitchen,3041.67,5999,0.49,4,777
Home & Kitchen,1745,2400,0.27,4.2,14160
Home & Kitchen,3180,5295,0.4,4.2,6919
Home & Kitchen,4999,24999,0.8,4.5,287
Home & Kitchen,390,799,0.51,3.8,287
Home & Kitchen,1999,2999,0.33,4.4,388
Home & Kitchen,1624,2495,0.35,4.1,827
Home & Kitchen,184,450,0.59,4.2,4971
Home & Kitchen,445,999,0.55,4.3,229
Home & Kitchen,699,1690,0.59,4.1,3524
Home & Kitchen,1601,3890,0.59,4.2,156
Home & Kitchen,231,260,0.11,4.1,490
Home & Kitchen,369,599,0.38,3.9,82
Home & Kitchen,809,1950,0.59,3.9,710
Home & Kitchen,1199,2990,0.6,3.8,133
Home & Kitchen,6120,8073,0.24,4.6,2751
Home & Kitchen,1799,2599,0.31,3.6,771
Home & Kitchen,18999,29999,0.37,4.1,2536
Home & Kitchen,1999,2360,0.15,4.2,7801
Home & Kitchen,5999,11495,0.48,4.3,534
Home & Kitchen,2599,4780,0.46,3.9,898
Home & Kitchen,1199,2400,0.5,3.9,1202
Home & Kitchen,219,249,0.12,4,1108
Home & Kitchen,799,1199,0.33,4.4,17
Home & Kitchen,6199,10999,0.44,4.2,10429
Home & Kitchen,6790,10995,0.38,4.5,3192
Home & Kitchen,1982.84,3300,0.4,4.1,5873
Home & Kitchen,199,400,0.5,4.1,1379
Home & Kitchen,1180,1440,0.18,4.2,1527
Home & Kitchen,2199,3045,0.28,4.2,2686
Home & Kitchen,2999,3595,0.17,4,178
Home & Kitchen,253,500,0.49,4.3,2664
Home & Kitchen,499,799,0.38,3.6,212
Home & Kitchen,1149,1899,0.39,3.5,24
Home & Kitchen,457,799,0.43,4.3,1868
Home & Kitchen,229,399,0.43,3.6,451
Home & Kitchen,199,699,0.72,2.9,159
Home & Kitchen,899,1999,0.55,4.2,39
Home & Kitchen,1499,2199,0.32,4.4,6531
Home & Kitchen,426,999,0.57,4.1,222
Home & Kitchen,2320,3290,0.29,3.8,195
Home & Kitchen,1563,3098,0.5,3.5,2283
Home & Kitchen,3487.77,4990,0.3,4.1,1127
Home & Kitchen,498,1200,0.59,3.2,113
Home & Kitchen,2695,2695,0,4.4,2518
Home & Kitchen,949,2299,0.59,3.6,550
Home & Kitchen,199,999,0.8,3.1,2
Home & Kitchen,379,919,0.59,4,1090
Home & Kitchen,2280,3045,0.25,4.1,4118
Home & Kitchen,2219,3080,0.28,3.6,468
Home & Kitchen,1399,1890,0.26,4,8031
Home & Kitchen,2863,3690,0.22,4.3,6987
